{
  "version": "recession_v1",
  "feature_names": [
    "corr1",
    "corr2",
    "corr4",
    "d1_corr1",
    "d1_corr2",
    "d1_corr4",
    "d2_corr1",
    "d2_corr2",
    "d2_corr4",
    "vol_corr1",
    "vol_corr2",
    "vol_corr4",
    "yield_curve"
  ],
  "mean": [
    0.19247399622953884,
    0.37751280809974636,
    0.09898885079889126,
    -0.000210131351569449,
    0.001066979841259111,
    -0.0027544069115382234,
    5.170040344936501e-05,
    8.772853013372264e-07,
    3.612602630736921e-05,
    0.05979565508814842,
    0.058891292533565745,
    0.05615396770006456,
    1.4324458874458874
  ],
  "std": [
    0.5124227695692425,
    0.3141747951905798,
    0.44819892575273945,
    0.07256422260473859,
    0.07612826057764253,
    0.06591651025215738,
    0.0463828152019102,
    0.10015350266961895,
    0.037667172446380175,
    0.02417959670814006,
    0.046210559465612686,
    0.02172323267075034,
    1.266038009991338
  ],
  "input_window": 60,
  "forecast_horizon": 36,
  "hazard_horizon": 24,
  "probability_horizon": 12,
  "mc_noise_scale": 0.08,
  "calibration": {
    "x_thresholds": [
      0.0,
      0.05,
      0.1,
      0.15000000000000002,
      0.2,
      0.25,
      0.30000000000000004,
      0.35000000000000003,
      0.4,
      0.45,
      0.5,
      0.55,
      0.6000000000000001,
      0.65,
      0.7000000000000001,
      0.75,
      0.8,
      0.8500000000000001,
      0.9,
      0.9500000000000001,
      1.0
    ],
    "y_calibrated": [
      0.0,
      0.05,
      0.1,
      0.15000000000000002,
      0.2,
      0.25,
      0.30000000000000004,
      0.35000000000000003,
      0.4,
      0.45,
      0.5,
      0.55,
      0.6000000000000001,
      0.65,
      0.8,
      0.8,
      1.0,
      1.0,
      1.0,
      1.0,
      1.0
    ]
  },
  "calibration_by_horizon": {
    "12": {
      "x_thresholds": [
        0.0,
        0.05,
        0.1,
        0.15000000000000002,
        0.2,
        0.25,
        0.30000000000000004,
        0.35000000000000003,
        0.4,
        0.45,
        0.5,
        0.55,
        0.6000000000000001,
        0.65,
        0.7000000000000001,
        0.75,
        0.8,
        0.8500000000000001,
        0.9,
        0.9500000000000001,
        1.0
      ],
      "y_calibrated": [
        0.0,
        0.05,
        0.1,
        0.15000000000000002,
        0.2,
        0.25,
        0.30000000000000004,
        0.35000000000000003,
        0.4,
        0.45,
        0.5,
        0.55,
        0.6000000000000001,
        0.65,
        0.8,
        0.8,
        1.0,
        1.0,
        1.0,
        1.0,
        1.0
      ]
    },
    "24": {
      "x_thresholds": [
        0.0,
        0.05,
        0.1,
        0.15000000000000002,
        0.2,
        0.25,
        0.30000000000000004,
        0.35000000000000003,
        0.4,
        0.45,
        0.5,
        0.55,
        0.6000000000000001,
        0.65,
        0.7000000000000001,
        0.75,
        0.8,
        0.8500000000000001,
        0.9,
        0.9500000000000001,
        1.0
      ],
      "y_calibrated": [
        0.0,
        0.05,
        0.1,
        0.15000000000000002,
        0.2,
        0.25,
        0.30000000000000004,
        0.35000000000000003,
        0.4,
        0.45,
        1.0,
        1.0,
        1.0,
        1.0,
        1.0,
        1.0,
        1.0,
        1.0,
        1.0,
        1.0,
        1.0
      ]
    },
    "36": {
      "x_thresholds": [
        0.0,
        0.05,
        0.1,
        0.15000000000000002,
        0.2,
        0.25,
        0.30000000000000004,
        0.35000000000000003,
        0.4,
        0.45,
        0.5,
        0.55,
        0.6000000000000001,
        0.65,
        0.7000000000000001,
        0.75,
        0.8,
        0.8500000000000001,
        0.9,
        0.9500000000000001,
        1.0
      ],
      "y_calibrated": [
        0.0,
        0.2857142984867096,
        0.3612138628959656,
        0.3636363744735718,
        0.3636363744735718,
        0.3636363744735718,
        0.3636363744735718,
        0.6000000238418579,
        0.6000000238418579,
        0.6000000238418579,
        0.6000000238418579,
        0.6000000238418579,
        0.800000011920929,
        0.8343971371650696,
        0.8888888955116272,
        0.8888888955116272,
        0.8888888955116272,
        0.9777777791023254,
        0.9777777791023254,
        0.9777777791023254,
        1.0
      ]
    },
    "48": {
      "x_thresholds": [
        0.0,
        0.05,
        0.1,
        0.15000000000000002,
        0.2,
        0.25,
        0.30000000000000004,
        0.35000000000000003,
        0.4,
        0.45,
        0.5,
        0.55,
        0.6000000000000001,
        0.65,
        0.7000000000000001,
        0.75,
        0.8,
        0.8500000000000001,
        0.9,
        0.9500000000000001,
        1.0
      ],
      "y_calibrated": [
        0.0,
        0.4331210255622864,
        0.4331210255622864,
        0.4331210255622864,
        0.4331210255622864,
        0.4331210255622864,
        0.4331210255622864,
        0.4331210255622864,
        0.4331210255622864,
        0.45,
        0.5,
        0.800000011920929,
        0.800000011920929,
        0.800000011920929,
        0.800000011920929,
        0.800000011920929,
        0.8822721242904663,
        0.8999999761581421,
        0.9,
        0.9500000000000001,
        1.0
      ]
    },
    "60": {
      "x_thresholds": [
        0.0,
        0.05,
        0.1,
        0.15000000000000002,
        0.2,
        0.25,
        0.30000000000000004,
        0.35000000000000003,
        0.4,
        0.45,
        0.5,
        0.55,
        0.6000000000000001,
        0.65,
        0.7000000000000001,
        0.75,
        0.8,
        0.8500000000000001,
        0.9,
        0.9500000000000001,
        1.0
      ],
      "y_calibrated": [
        0.0,
        0.5773809552192688,
        0.5773809552192688,
        0.5773809552192688,
        0.5773809552192688,
        0.5773809552192688,
        0.5773809552192688,
        0.5773809552192688,
        0.5773809552192688,
        0.5773809552192688,
        0.5773809552192688,
        0.5773809552192688,
        0.6000000000000001,
        0.65,
        0.7000000000000001,
        0.75,
        0.8,
        0.8500000000000001,
        0.9,
        0.9500000000000001,
        1.0
      ]
    }
  },
  "attribution": [
    {
      "feature": "yield_curve",
      "contribution": -0.1445959061384201
    },
    {
      "feature": "corr2",
      "contribution": -0.06885924935340881
    },
    {
      "feature": "d2_corr4",
      "contribution": 0.053711097687482834
    },
    {
      "feature": "vol_corr4",
      "contribution": 0.05244247242808342
    },
    {
      "feature": "d1_corr1",
      "contribution": -0.03874019905924797
    }
  ],
  "metrics": {
    "brier_12_calibrated_full": 0.018054272894241427,
    "brier_12_raw_full": 0.019585811335200296,
    "latest_calibrated_12mo": 0.0005208378664702806
  }
}